Date,Base,Heat,Cool,Total Day,Model Total,Actual Usage,Act Date,Act Usage,Usage interpolated
1/1/2013,18,33.35,0,51.36,51,0,1/1/2013,0,0
1/2/2013,18,33.56,0,51.56,103,0,,,34
1/3/2013,18,33.76,0,51.76,155,0,,,67
1/4/2013,18,33.94,0,51.94,207,0,,,101
1/5/2013,18,34.11,0,52.11,259,0,,,135
1/6/2013,18,34.27,0,52.27,311,0,,,169
1/7/2013,18,34.41,0,52.41,363,0,,,202
1/8/2013,18,34.54,0,52.55,416,0,,,236
1/9/2013,18,34.66,0,52.66,469,0,,,270
1/10/2013,18,34.76,0,52.77,521,0,,,303
1/11/2013,18,34.86,0,52.86,574,0,,,337
1/12/2013,18,34.93,0,52.94,627,0,,,371
1/13/2013,18,34.99,0,53,680,0,,,404
1/14/2013,18,35.04,0,53.05,733,0,,,438
1/15/2013,18,35.08,0,53.08,786,0,,,472
1/16/2013,18,35.1,0,53.1,839,0,,,506
1/17/2013,18,35.11,0.01,53.11,893,0,,,539
1/18/2013,18,35.11,0.01,53.11,946,0,,,573
1/19/2013,18,35.1,0.01,53.11,999,0,,,607
1/20/2013,18,35.08,0.01,53.09,"1,052",0,,,640
1/21/2013,18,35.04,0.01,53.05,"1,105",0,,,674
1/22/2013,18,34.99,0.01,53,"1,158",0,,,708
1/23/2013,18,34.93,0.01,52.94,"1,211",0,,,741
1/24/2013,18,34.86,0.01,52.86,"1,264",0,,,775
1/25/2013,18,34.76,0.01,52.77,"1,316",0,,,809
1/26/2013,18,34.66,0.01,52.67,"1,369",0,,,843
1/27/2013,18,34.54,0.01,52.55,"1,422",0,,,876
1/28/2013,18,34.41,0.01,52.42,"1,474",0,,,910
1/29/2013,18,34.27,0.01,52.28,"1,526",0,,,944
1/30/2013,18,34.11,0.01,52.13,"1,579",0,,,977
1/31/2013,18,33.94,0.02,51.96,"1,630",1011,1/31/2013,1011,"1,011"
2/1/2013,18,33.76,0.02,51.77,"1,682",0,,,"1,051"
2/2/2013,18,33.56,0.02,51.58,"1,734",0,,,"1,092"
2/3/2013,18,33.35,0.02,51.37,"1,785",1132,2/3/2013,1132,"1,132"
2/4/2013,18,33.14,0.02,51.16,"1,836",0,,,"1,250"
2/5/2013,18,32.9,0.02,50.93,"1,887",0,,,"1,368"
2/6/2013,18,32.66,0.02,50.69,"1,938",0,,,"1,486"
2/7/2013,18,32.41,0.03,50.43,"1,988",1604,2/7/2013,1604,"1,604"
2/8/2013,18,32.14,0.03,50.17,"2,039",0,,,"1,639"
2/9/2013,18,31.87,0.03,49.9,"2,088",0,,,"1,674"
2/10/2013,18,31.58,0.03,49.62,"2,138",0,,,"1,709"
2/11/2013,18,31.29,0.04,49.32,"2,187",,,,"1,744"
2/12/2013,18,30.98,0.04,49.02,"2,236",0,,,"1,779"
2/13/2013,18,30.67,0.04,48.71,"2,285",0,,,"1,814"
2/14/2013,18,30.34,0.04,48.39,"2,334",0,,,"1,849"
2/15/2013,18,30.01,0.05,48.06,"2,382",0,,,"1,884"
2/16/2013,18,29.67,0.05,47.72,"2,429",0,,,"1,919"
2/17/2013,18,29.32,0.05,47.38,"2,477",1954,2/17/2013,1954,"1,954"
2/18/2013,18,28.97,0.06,47.02,"2,524",0,,,"1,984"
2/19/2013,18,28.61,0.06,46.67,"2,570",0,,,"2,014"
2/20/2013,18,28.24,0.06,46.3,"2,617",0,,,"2,044"
2/21/2013,18,27.86,0.07,45.93,"2,663",2074,2/21/2013,2074,"2,074"
2/22/2013,18,27.48,0.07,45.55,"2,708",0,,,"2,136"
2/23/2013,18,27.09,0.08,45.17,"2,753",0,,,"2,199"
2/24/2013,18,26.7,0.08,44.78,"2,798",0,,,"2,261"
2/25/2013,18,26.3,0.09,44.39,"2,843",0,,,"2,324"
2/26/2013,18,25.9,0.09,43.99,"2,886",0,,,"2,386"
2/27/2013,18,25.49,0.1,43.59,"2,930",0,,,"2,449"
2/28/2013,18,25.08,0.11,43.19,"2,973",2511,2/28/2013,2511,"2,511"
3/1/2013,18,24.67,0.11,42.78,"3,016",0,,,"2,532"
3/2/2013,18,24.25,0.12,42.37,"3,058",2552,3/2/2013,2552,"2,552"
3/3/2013,18,23.84,0.13,41.96,"3,100",0,,,"2,599"
3/4/2013,18,23.42,0.13,41.55,"3,142",0,,,"2,647"
3/5/2013,18,22.99,0.14,41.14,"3,183",0,,,"2,694"
3/6/2013,18,22.57,0.15,40.72,"3,224",0,,,"2,742"
3/7/2013,18,22.14,0.16,40.3,"3,264",0,,,"2,789"
3/8/2013,18,21.72,0.17,39.89,"3,304",0,,,"2,837"
3/9/2013,18,21.29,0.18,39.47,"3,343",2884,3/9/2013,2884,"2,884"
3/10/2013,18,20.87,0.19,39.06,"3,383",0,,,"2,921"
3/11/2013,18,20.44,0.2,38.64,"3,421",0,,,"2,958"
3/12/2013,18,20.02,0.21,38.23,"3,459",,,,"2,994"
3/13/2013,18,19.59,0.22,37.82,"3,497",0,,,"3,031"
3/14/2013,18,19.17,0.24,37.41,"3,535",3068,3/14/2013,3068,"3,068"
3/15/2013,18,18.75,0.25,37,"3,572",0,,,"3,105"
3/16/2013,18,18.33,0.26,36.59,"3,608",0,,,"3,142"
3/17/2013,18,17.91,0.28,36.19,"3,644",0,,,"3,179"
3/18/2013,18,17.5,0.29,35.79,"3,680",0,,,"3,215"
3/19/2013,18,17.09,0.31,35.4,"3,716",0,,,"3,252"
3/20/2013,18,16.68,0.32,35,"3,751",3289,3/20/2013,3289,"3,289"
3/21/2013,18,16.27,0.34,34.61,"3,785",0,,,"3,357"
3/22/2013,18,15.87,0.36,34.23,"3,819",0,,,"3,425"
3/23/2013,18,15.47,0.38,33.85,"3,853",3493,3/23/2013,3493,"3,493"
3/24/2013,18,15.08,0.39,33.47,"3,887",0,,,"3,533"
3/25/2013,18,14.69,0.41,33.1,"3,920",0,,,"3,573"
3/26/2013,18,14.3,0.43,32.74,"3,953",0,,,"3,613"
3/27/2013,18,13.92,0.46,32.38,"3,985",0,,,"3,654"
3/28/2013,18,13.55,0.48,32.02,"4,017",0,,,"3,694"
3/29/2013,18,13.18,0.5,31.68,"4,049",0,,,"3,734"
3/30/2013,18,12.81,0.52,31.33,"4,080",0,,,"3,774"
3/31/2013,18,12.45,0.55,31,"4,111",0,,,"3,814"
4/1/2013,18,12.09,0.57,30.67,"4,142",0,,,"3,854"
4/2/2013,18,11.74,0.6,30.34,"4,172",0,,,"3,894"
4/3/2013,18,11.4,0.63,30.02,"4,202",0,,,"3,935"
4/4/2013,18,11.06,0.66,29.71,"4,232",0,,,"3,975"
4/5/2013,18,10.73,0.68,29.41,"4,261",0,,,"4,015"
4/6/2013,18,10.4,0.71,29.11,"4,290",4055,4/6/2013,4055,"4,055"
4/7/2013,18,10.08,0.74,28.82,"4,319",4082,4/7/2013,4082,"4,082"
4/8/2013,18,9.76,0.78,28.54,"4,348",0,,,"4,094"
4/9/2013,18,9.45,0.81,28.26,"4,376",4105,4/9/2013,4105,"4,105"
4/10/2013,18,9.15,0.84,27.99,"4,404",4128,4/10/2013,4128,"4,128"
4/11/2013,18,8.85,0.88,27.73,"4,432",,,,"4,157"
4/12/2013,18,8.56,0.91,27.47,"4,459",0,,,"4,186"
4/13/2013,18,8.28,0.95,27.23,"4,486",0,,,"4,215"
4/14/2013,18,8,0.99,26.98,"4,513",4244,4/14/2013,4244,"4,244"
4/15/2013,18,7.73,1.03,26.75,"4,540",0,,,"4,268"
4/16/2013,18,7.46,1.06,26.53,"4,567",4291,4/16/2013,4291,"4,291"
4/17/2013,18,7.2,1.11,26.31,"4,593",0,,,"4,319"
4/18/2013,18,6.95,1.15,26.09,"4,619",0,,,"4,346"
4/19/2013,18,6.7,1.19,25.89,"4,645",0,,,"4,374"
4/20/2013,18,6.46,1.23,25.69,"4,671",0,,,"4,401"
4/21/2013,18,6.23,1.28,25.5,"4,696",0,,,"4,429"
4/22/2013,18,6,1.32,25.32,"4,721",4456,4/22/2013,4456,"4,456"
4/23/2013,18,5.77,1.37,25.14,"4,747",0,,,"4,486"
4/24/2013,18,5.56,1.42,24.97,"4,771",4516,4/24/2013,4516,"4,516"
4/25/2013,18,5.35,1.46,24.81,"4,796",0,,,"4,542"
4/26/2013,18,5.14,1.51,24.65,"4,821",0,,,"4,568"
4/27/2013,18,4.94,1.56,24.51,"4,845",0,,,"4,594"
4/28/2013,18,4.75,1.61,24.36,"4,870",4620,4/28/2013,4620,"4,620"
4/29/2013,18,4.56,1.66,24.23,"4,894",0,,,"4,641"
4/30/2013,18,4.38,1.72,24.1,"4,918",0,,,"4,662"
5/1/2013,18,4.21,1.77,23.98,"4,942",0,,,"4,682"
5/2/2013,18,4.04,1.82,23.86,"4,966",4703,5/2/2013,4703,"4,703"
5/3/2013,18,3.87,1.88,23.75,"4,990",0,,,"4,726"
5/4/2013,18,3.71,1.93,23.64,"5,013",0,,,"4,748"
5/5/2013,18,3.56,1.99,23.54,"5,037",4771,5/5/2013,4771,"4,771"
5/6/2013,18,3.41,2.04,23.45,"5,060",0,,,"4,793"
5/7/2013,18,3.26,2.1,23.36,"5,084",0,,,"4,815"
5/8/2013,18,3.12,2.16,23.28,"5,107",0,,,"4,837"
5/9/2013,18,2.99,2.22,23.2,"5,130",0,,,"4,859"
5/10/2013,18,2.86,2.27,23.13,"5,153",,,,"4,880"
5/11/2013,18,2.73,2.33,23.06,"5,176",0,,,"4,902"
5/12/2013,18,2.61,2.39,23,"5,199",0,,,"4,924"
5/13/2013,18,2.49,2.45,22.94,"5,222",4946,5/13/2013,4946,"4,946"
5/14/2013,18,2.38,2.51,22.89,"5,245",0,,,"4,974"
5/15/2013,18,2.27,2.57,22.84,"5,268",0,,,"5,001"
5/16/2013,18,2.17,2.63,22.8,"5,291",5029,5/16/2013,5029,"5,029"
5/17/2013,18,2.07,2.69,22.76,"5,314",0,,,"5,048"
5/18/2013,18,1.97,2.75,22.72,"5,336",0,,,"5,066"
5/19/2013,18,1.88,2.81,22.69,"5,359",0,,,"5,085"
5/20/2013,18,1.79,2.87,22.66,"5,382",0,,,"5,104"
5/21/2013,18,1.7,2.93,22.63,"5,404",0,,,"5,123"
5/22/2013,18,1.62,2.99,22.61,"5,427",0,,,"5,141"
5/23/2013,18,1.54,3.04,22.59,"5,450",0,,,"5,160"
5/24/2013,18,1.47,3.1,22.57,"5,472",0,,,"5,179"
5/25/2013,18,1.39,3.16,22.56,"5,495",0,,,"5,198"
5/26/2013,18,1.33,3.22,22.54,"5,517",0,,,"5,216"
5/27/2013,18,1.26,3.28,22.53,"5,540",5235,5/27/2013,5235,"5,235"
5/28/2013,18,1.2,3.33,22.53,"5,562",0,,,"5,274"
5/29/2013,18,1.13,3.39,22.52,"5,585",0,,,"5,313"
5/30/2013,18,1.08,3.44,22.52,"5,607",0,,,"5,352"
5/31/2013,18,1.02,3.5,22.52,"5,630",0,,,"5,391"
6/1/2013,18,0.97,3.55,22.52,"5,652",0,,,"5,429"
6/2/2013,18,0.92,3.6,22.52,"5,675",0,,,"5,468"
6/3/2013,18,0.87,3.65,22.52,"5,697",0,,,"5,507"
6/4/2013,18,0.82,3.7,22.52,"5,720",0,,,"5,546"
6/5/2013,18,0.78,3.75,22.53,"5,742",5585,6/5/2013,5585,"5,585"
6/6/2013,18,0.74,3.8,22.54,"5,765",0,,,"5,605"
6/7/2013,18,0.7,3.85,22.54,"5,788",0,,,"5,625"
6/8/2013,18,0.66,3.89,22.55,"5,810",0,,,"5,646"
6/9/2013,18,0.62,3.93,22.56,"5,833",0,,,"5,666"
6/10/2013,18,0.59,3.98,22.56,"5,855",0,,,"5,686"
6/11/2013,18,0.55,4.02,22.57,"5,878",,,,"5,706"
6/12/2013,18,0.52,4.05,22.58,"5,900",0,,,"5,726"
6/13/2013,18,0.49,4.09,22.59,"5,923",0,,,"5,747"
6/14/2013,18,0.47,4.13,22.59,"5,945",0,,,"5,767"
6/15/2013,18,0.44,4.16,22.6,"5,968",5787,6/15/2013,5787,"5,787"
6/16/2013,18,0.41,4.19,22.61,"5,991",0,,,"5,805"
6/17/2013,18,0.39,4.22,22.61,"6,013",0,,,"5,822"
6/18/2013,18,0.37,4.25,22.62,"6,036",0,,,"5,840"
6/19/2013,18,0.35,4.28,22.62,"6,059",0,,,"5,858"
6/20/2013,18,0.33,4.3,22.63,"6,081",0,,,"5,875"
6/21/2013,18,0.31,4.32,22.63,"6,104",5893,6/21/2013,5893,"5,893"
6/22/2013,18,0.29,4.34,22.63,"6,126",0,,,"5,921"
6/23/2013,18,0.27,4.36,22.63,"6,149",0,,,"5,949"
6/24/2013,18,0.25,4.38,22.63,"6,172",0,,,"5,976"
6/25/2013,18,0.24,4.39,22.63,"6,194",0,,,"6,004"
6/26/2013,18,0.22,4.41,22.63,"6,217",6032,6/26/2013,6032,"6,032"
6/27/2013,18,0.21,4.42,22.63,"6,240",0,,,"6,058"
6/28/2013,18,0.2,4.42,22.62,"6,262",0,,,"6,084"
6/29/2013,18,0.18,4.43,22.61,"6,285",0,,,"6,109"
6/30/2013,18,0.17,4.43,22.6,"6,307",6135,6/30/2013,6135,"6,135"
7/1/2013,18,0.16,4.43,22.59,"6,330",0,,,"6,161"
7/2/2013,18,0.15,4.43,22.58,"6,353",0,,,"6,188"
7/3/2013,18,0.14,4.43,22.57,"6,375",0,,,"6,214"
7/4/2013,18,0.13,4.43,22.56,"6,398",0,,,"6,240"
7/5/2013,18,0.12,4.42,22.55,"6,420",0,,,"6,266"
7/6/2013,18,0.12,4.42,22.53,"6,443",0,,,"6,293"
7/7/2013,18,0.11,4.41,22.51,"6,465",6319,7/7/2013,6319,"6,319"
7/8/2013,18,0.1,4.39,22.49,"6,488",0,,,"6,349"
7/9/2013,18,0.09,4.38,22.47,"6,510",0,,,"6,378"
7/10/2013,18,0.09,4.36,22.45,"6,533",0,,,"6,408"
7/11/2013,18,0.08,4.34,22.43,"6,555",0,,,"6,437"
7/12/2013,18,0.08,4.32,22.4,"6,578",,,,"6,467"
7/13/2013,18,0.07,4.3,22.37,"6,600",0,,,"6,497"
7/14/2013,18,0.07,4.28,22.34,"6,622",0,,,"6,526"
7/15/2013,18,0.06,4.25,22.31,"6,645",0,,,"6,556"
7/16/2013,18,0.06,4.22,22.28,"6,667",0,,,"6,585"
7/17/2013,18,0.05,4.19,22.25,"6,689",6615,7/17/2013,6615,"6,615"
7/18/2013,18,0.05,4.16,22.21,"6,711",6647,7/18/2013,6647,"6,647"
7/19/2013,18,0.05,4.13,22.17,"6,734",0,,,"6,679"
7/20/2013,18,0.05,4.09,22.14,"6,756",0,,,"6,711"
7/21/2013,18,0.05,4.05,22.11,"6,778",0,,,"6,743"
7/22/2013,18,0.06,4.02,22.07,"6,800",0,,,"6,774"
7/23/2013,18,0.06,3.98,22.04,"6,822",0,,,"6,806"
7/24/2013,18,0.07,3.93,22,"6,844",6838,7/24/2013,6838,"6,838"
7/25/2013,18,0.07,3.89,21.96,"6,866",0,,,"6,857"
7/26/2013,18,0.08,3.85,21.92,"6,888",6875,7/26/2013,6875,"6,875"
7/27/2013,18,0.08,3.8,21.88,"6,910",0,,,"6,892"
7/28/2013,18,0.09,3.75,21.84,"6,932",0,,,"6,910"
7/29/2013,18,0.09,3.7,21.8,"6,953",0,,,"6,927"
7/30/2013,18,0.1,3.65,21.75,"6,975",0,,,"6,944"
7/31/2013,18,0.11,3.6,21.71,"6,997",0,,,"6,961"
8/1/2013,18,0.12,3.55,21.67,"7,018",0,,,"6,979"
8/2/2013,18,0.12,3.5,21.62,"7,040",6996,8/2/2013,6996,"6,996"
8/3/2013,18,0.13,3.44,21.58,"7,062",7011,8/3/2013,7011,"7,011"
8/4/2013,18,0.14,3.39,21.53,"7,083",0,,,"7,021"
8/5/2013,18,0.15,3.33,21.48,"7,105",0,,,"7,032"
8/6/2013,18,0.16,3.28,21.44,"7,126",0,,,"7,042"
8/7/2013,18,0.17,3.22,21.39,"7,147",0,,,"7,053"
8/8/2013,18,0.18,3.16,21.35,"7,169",0,,,"7,063"
8/9/2013,18,0.2,3.1,21.3,"7,190",0,,,"7,073"
8/10/2013,18,0.21,3.04,21.25,"7,211",,,,"7,084"
8/11/2013,18,0.22,2.99,21.21,"7,233",7094,8/11/2013,7094,"7,094"
8/12/2013,18,0.24,2.93,21.17,"7,254",0,,,"7,111"
8/13/2013,18,0.25,2.87,21.12,"7,275",0,,,"7,128"
8/14/2013,18,0.27,2.81,21.08,"7,296",0,,,"7,145"
8/15/2013,18,0.29,2.75,21.04,"7,317",0,,,"7,162"
8/16/2013,18,0.31,2.69,20.99,"7,338",0,,,"7,179"
8/17/2013,18,0.33,2.63,20.95,"7,359",0,,,"7,196"
8/18/2013,18,0.35,2.57,20.91,"7,380",0,,,"7,213"
8/19/2013,18,0.37,2.51,20.88,"7,401",7230,8/19/2013,7230,"7,230"
8/20/2013,18,0.39,2.45,20.84,"7,422",0,,,"7,247"
8/21/2013,18,0.41,2.39,20.81,"7,442",0,,,"7,263"
8/22/2013,18,0.44,2.33,20.77,"7,463",0,,,"7,280"
8/23/2013,18,0.47,2.27,20.74,"7,484",0,,,"7,297"
8/24/2013,18,0.49,2.22,20.71,"7,505",0,,,"7,314"
8/25/2013,18,0.52,2.16,20.68,"7,525",0,,,"7,330"
8/26/2013,18,0.55,2.1,20.66,"7,546",0,,,"7,347"
8/27/2013,18,0.59,2.04,20.63,"7,567",0,,,"7,364"
8/28/2013,18,0.62,1.99,20.61,"7,587",0,,,"7,380"
8/29/2013,18,0.66,1.93,20.59,"7,608",0,,,"7,397"
8/30/2013,18,0.7,1.88,20.57,"7,628",0,,,"7,414"
8/31/2013,18,0.74,1.82,20.56,"7,649",0,,,"7,431"
9/1/2013,18,0.78,1.77,20.55,"7,669",0,,,"7,447"
9/2/2013,18,0.82,1.72,20.54,"7,690",7464,9/2/2013,7464,"7,464"
9/3/2013,18,0.87,1.66,20.53,"7,711",0,,,"7,483"
9/4/2013,18,0.92,1.61,20.53,"7,731",0,,,"7,502"
9/5/2013,18,0.97,1.56,20.53,"7,752",0,,,"7,522"
9/6/2013,18,1.02,1.51,20.53,"7,772",0,,,"7,541"
9/7/2013,18,1.08,1.46,20.54,"7,793",0,,,"7,560"
9/8/2013,18,1.13,1.42,20.55,"7,813",0,,,"7,579"
9/9/2013,18,1.2,1.37,20.56,"7,834",0,,,"7,599"
9/10/2013,18,1.26,1.32,20.58,"7,854",0,,,"7,618"
9/11/2013,18,1.33,1.28,20.6,"7,875",0,,,"7,637"
9/12/2013,18,1.39,1.23,20.63,"7,896",0,,,"7,656"
9/13/2013,18,1.47,1.19,20.66,"7,916",0,,,"7,676"
9/14/2013,18,1.54,1.15,20.69,"7,937",0,,,"7,695"
9/15/2013,18,1.62,1.11,20.73,"7,958",7714,9/15/2013,7714,"7,714"
9/16/2013,18,1.7,1.06,20.77,"7,978",0,,,"7,738"
9/17/2013,18,1.79,1.03,20.81,"7,999",0,,,"7,761"
9/18/2013,18,1.88,0.99,20.86,"8,020",0,,,"7,785"
9/19/2013,18,1.97,0.95,20.92,"8,041",7808,9/19/2013,7808,"7,808"
9/20/2013,18,2.07,0.91,20.98,"8,062",0,,,"7,824"
9/21/2013,18,2.17,0.88,21.04,"8,083",0,,,"7,841"
9/22/2013,18,2.27,0.84,21.11,"8,104",0,,,"7,857"
9/23/2013,18,2.38,0.81,21.19,"8,125",0,,,"7,874"
9/24/2013,18,2.49,0.78,21.27,"8,147",0,,,"7,890"
9/25/2013,18,2.61,0.74,21.35,"8,168",0,,,"7,906"
9/26/2013,18,2.73,0.71,21.44,"8,189",0,,,"7,923"
9/27/2013,18,2.86,0.68,21.54,"8,211",0,,,"7,939"
9/28/2013,18,2.99,0.66,21.64,"8,233",0,,,"7,956"
9/29/2013,18,3.12,0.63,21.75,"8,254",0,,,"7,972"
9/30/2013,18,3.26,0.6,21.86,"8,276",0,,,"7,988"
10/1/2013,18,3.41,0.57,21.98,"8,298",0,,,"8,005"
10/2/2013,18,3.56,0.55,22.1,"8,320",0,,,"8,021"
10/3/2013,18,3.71,0.52,22.23,"8,343",0,,,"8,038"
10/4/2013,18,3.87,0.5,22.37,"8,365",8054,10/4/2013,8054,"8,054"
10/5/2013,18,4.04,0.48,22.51,"8,387",0,,,"8,079"
10/6/2013,18,4.21,0.46,22.66,"8,410",0,,,"8,104"
10/7/2013,18,4.38,0.43,22.82,"8,433",0,,,"8,128"
10/8/2013,18,4.56,0.41,22.98,"8,456",0,,,"8,153"
10/9/2013,18,4.75,0.39,23.15,"8,479",0,,,"8,178"
10/10/2013,18,4.94,0.38,23.32,"8,502",0,,,"8,203"
10/11/2013,18,5.14,0.36,23.5,"8,526",0,,,"8,228"
10/12/2013,18,5.35,0.34,23.69,"8,549",0,,,"8,252"
10/13/2013,18,5.56,0.32,23.88,"8,573",0,,,"8,277"
10/14/2013,18,5.77,0.31,24.08,"8,597",8302,10/14/2013,8302,"8,302"
10/15/2013,18,6,0.29,24.29,"8,622",0,,,"8,322"
10/16/2013,18,6.23,0.28,24.5,"8,646",0,,,"8,342"
10/17/2013,18,6.46,0.26,24.72,"8,671",0,,,"8,363"
10/18/2013,18,6.7,0.25,24.95,"8,696",0,,,"8,383"
10/19/2013,18,6.95,0.24,25.18,"8,721",0,,,"8,403"
10/20/2013,18,7.2,0.22,25.42,"8,747",0,,,"8,423"
10/21/2013,18,7.46,0.21,25.67,"8,772",0,,,"8,444"
10/22/2013,18,7.73,0.2,25.93,"8,798",0,,,"8,464"
10/23/2013,18,8,0.19,26.19,"8,824",8484,10/23/2013,8484,"8,484"
10/24/2013,18,8.28,0.18,26.46,"8,851",0,,,"8,516"
10/25/2013,18,8.56,0.17,26.73,"8,877",0,,,"8,547"
10/26/2013,18,8.85,0.16,27.01,"8,905",0,,,"8,579"
10/27/2013,18,9.15,0.15,27.3,"8,932",0,,,"8,611"
10/28/2013,18,9.45,0.14,27.59,"8,959",0,,,"8,642"
10/29/2013,18,9.76,0.13,27.9,"8,987",8674,10/29/2013,8674,"8,674"
10/30/2013,18,10.08,0.13,28.2,"9,016",0,,,"8,698"
10/31/2013,18,10.4,0.12,28.52,"9,044",0,,,"8,722"
11/1/2013,18,10.73,0.11,28.84,"9,073",0,,,"8,747"
11/2/2013,18,11.06,0.11,29.16,"9,102",0,,,"8,771"
11/3/2013,18,11.4,0.1,29.5,"9,132",0,,,"8,795"
11/4/2013,18,11.74,0.09,29.84,"9,161",8819,11/4/2013,8819,"8,819"
11/5/2013,18,12.09,0.09,30.18,"9,192",8868,11/5/2013,8868,"8,868"
11/6/2013,18,12.45,0.08,30.53,"9,222",0,,,"8,902"
11/7/2013,18,12.81,0.08,30.89,"9,253",0,,,"8,936"
11/8/2013,18,13.18,0.07,31.25,"9,284",0,,,"8,970"
11/9/2013,18,13.55,0.07,31.62,"9,316",9004,11/9/2013,9004,"9,004"
11/10/2013,18,13.92,0.06,31.99,"9,348",0,,,"9,049"
11/11/2013,18,14.3,0.06,32.36,"9,380",9093,11/11/2013,9093,"9,093"
11/12/2013,18,14.69,0.06,32.75,"9,413",0,,,"9,144"
11/13/2013,18,15.08,0.05,33.13,"9,446",0,,,"9,196"
11/14/2013,18,15.47,0.05,33.52,"9,480",0,,,"9,247"
11/15/2013,18,15.87,0.05,33.92,"9,513",9298,11/15/2013,9298,"9,298"
11/16/2013,18,16.27,0.04,34.32,"9,548",0,,,"9,328"
11/17/2013,18,16.68,0.04,34.72,"9,583",0,,,"9,358"
11/18/2013,18,17.09,0.04,35.13,"9,618",0,,,"9,388"
11/19/2013,18,17.5,0.04,35.54,"9,653",9418,11/19/2013,9418,"9,418"
11/20/2013,18,17.91,0.03,35.95,"9,689",0,,,"9,468"
11/21/2013,18,18.33,0.03,36.36,"9,725",0,,,"9,517"
11/22/2013,18,18.75,0.03,36.78,"9,762",0,,,"9,567"
11/23/2013,18,19.17,0.03,37.2,"9,799",0,,,"9,617"
11/24/2013,18,19.59,0.02,37.62,"9,837",0,,,"9,666"
11/25/2013,18,20.02,0.02,38.04,"9,875",0,,,"9,716"
11/26/2013,18,20.44,0.02,38.46,"9,914",0,,,"9,766"
11/27/2013,18,20.87,0.02,38.89,"9,952",0,,,"9,815"
11/28/2013,18,21.29,0.02,39.31,"9,992",9865,11/28/2013,9865,"9,865"
11/29/2013,18,21.72,0.02,39.74,"10,032",0,,,"9,914"
11/30/2013,18,22.14,0.02,40.16,"10,072",0,,,"9,963"
12/1/2013,18,22.57,0.01,40.58,"10,112",0,,,"10,012"
12/2/2013,18,22.99,0.01,41.01,"10,153",0,,,"10,061"
12/3/2013,18,23.42,0.01,41.43,"10,195",10110,12/3/2013,10110,"10,110"
12/4/2013,18,23.84,0.01,41.85,"10,237",0,,,"10,150"
12/5/2013,18,24.25,0.01,42.27,"10,279",0,,,"10,190"
12/6/2013,18,24.67,0.01,42.68,"10,322",0,,,"10,230"
12/7/2013,18,25.08,0.01,43.09,"10,365",0,,,"10,270"
12/8/2013,18,25.49,0.01,43.5,"10,408",10310,12/8/2013,10310,"10,310"
12/9/2013,18,25.9,0.01,43.91,"10,452",0,,,"10,362"
12/10/2013,18,26.3,0.01,44.31,"10,496",0,,,"10,415"
12/11/2013,18,26.7,0.01,44.71,"10,541",0,,,"10,467"
12/12/2013,18,27.09,0.01,45.1,"10,586",0,,,"10,520"
12/13/2013,18,27.48,0.01,45.48,"10,632",10572,12/13/2013,10572,"10,572"
12/14/2013,18,27.86,0.01,45.87,"10,677",0,,,"10,629"
12/15/2013,18,28.24,0,46.24,"10,724",0,,,"10,686"
12/16/2013,18,28.61,0,46.61,"10,770",0,,,"10,742"
12/17/2013,18,28.97,0,46.97,"10,817",0,,,"10,799"
12/18/2013,18,29.32,0,47.33,"10,865",10856,12/18/2013,10856,"10,856"
12/19/2013,18,29.67,0,47.68,"10,912",0,,,"10,891"
12/20/2013,18,30.01,0,48.02,"10,960",0,,,"10,926"
12/21/2013,18,30.34,0,48.35,"11,009",0,,,"10,961"
12/22/2013,18,30.67,0,48.67,"11,057",0,,,"10,996"
12/23/2013,18,30.98,0,48.98,"11,106",0,,,"11,031"
12/24/2013,18,31.29,0,49.29,"11,156",0,,,"11,066"
12/25/2013,18,31.58,0,49.58,"11,205",0,,,"11,101"
12/26/2013,18,31.87,0,49.87,"11,255",0,,,"11,135"
12/27/2013,18,32.14,0,50.14,"11,305",0,,,"11,170"
12/28/2013,18,32.41,0,50.41,"11,356",0,,,"11,205"
12/29/2013,18,32.66,0,50.66,"11,406",0,,,"11,240"
12/30/2013,18,32.9,0,50.91,"11,457",0,,,"11,275"
12/31/2013,18,33.14,0,51.14,"11,508",0,,,"11,310"
1/1/2014,18,33.35,0,51.36,"11,560",11345,1/1/2014,11345,"11,345"
1/2/2014,18,33.56,0,51.56,"11,611",11383,1/2/2014,11383,"11,383"
1/3/2014,18,33.76,0,51.76,"11,663",0,,,"11,449"
1/4/2014,18,33.94,0,51.94,"11,715",0,,,"11,514"
1/5/2014,18,34.11,0,52.11,"11,767",11580,1/5/2014,11580,"11,580"
1/6/2014,18,34.27,0,52.27,"11,819",0,,,"11,641"
1/7/2014,18,34.41,0,52.41,"11,872",0,,,"11,703"
1/8/2014,18,34.54,0,52.55,"11,924",11764,1/8/2014,11764,"11,764"
1/9/2014,18,34.66,0,52.66,"11,977",0,,,"11,807"
1/10/2014,18,34.76,0,52.77,"12,030",0,,,"11,849"
1/11/2014,18,34.86,0,52.86,"12,083",11892,1/11/2014,11892,"11,892"
1/12/2014,18,34.93,0,52.94,"12,135",0,,,"11,942"
1/13/2014,18,34.99,0,53,"12,188",0,,,"11,992"
1/14/2014,18,35.04,0,53.05,"12,242",0,,,"12,042"
1/15/2014,18,35.08,0,53.08,"12,295",0,,,"12,092"
1/16/2014,18,35.1,0,53.1,"12,348",12142,1/16/2014,12142,"12,142"
1/17/2014,18,35.11,0.01,53.11,"12,401",0,,,"12,190"
1/18/2014,18,35.1,0.01,53.11,"12,454",0,,,"12,239"
1/19/2014,18,35.08,0.01,53.09,"12,507",0,,,"12,287"
1/20/2014,18,35.04,0.01,53.05,"12,560",12335,1/20/2014,12335,"12,335"
1/21/2014,18,34.99,0.01,53,"12,613",12378,1/21/2014,12378,"12,378"
1/22/2014,18,34.93,0.01,52.94,"12,666",0,,,"12,445"
1/23/2014,18,34.86,0.01,52.86,"12,719",0,,,"12,512"
1/24/2014,18,34.76,0.01,52.77,"12,772",0,,,"12,579"
1/25/2014,18,34.66,0.01,52.67,"12,824",0,,,"12,647"
1/26/2014,18,34.54,0.01,52.55,"12,877",0,,,"12,714"
1/27/2014,18,34.41,0.01,52.42,"12,929",0,,,"12,781"
1/28/2014,18,34.27,0.01,52.28,"12,982",12848,1/28/2014,12848,"12,848"
1/29/2014,18,34.11,0.01,52.12,"13,034",0,,,"12,902"
1/30/2014,18,33.94,0.01,51.95,"13,086",0,,,"12,956"
1/31/2014,18,33.76,0.02,51.77,"13,137",0,,,"13,010"
2/1/2014,18,33.56,0.02,51.58,"13,189",0,,,"13,064"
2/2/2014,18,33.35,0.02,51.37,"13,240",0,,,"13,117"
2/3/2014,18,33.14,0.02,51.16,"13,292",0,,,"13,171"
2/4/2014,18,32.9,0.02,50.93,"13,342",0,,,"13,225"
2/5/2014,18,32.66,0.02,50.68,"13,393",0,,,"13,279"
2/6/2014,18,32.41,0.02,50.43,"13,444",13333,2/6/2014,13333,"13,333"
2/7/2014,18,32.14,0.03,50.17,"13,494",0,,,"13,385"
2/8/2014,18,31.87,0.03,49.9,"13,544",0,,,"13,436"
2/9/2014,18,31.58,0.03,49.61,"13,593",0,,,"13,488"
2/10/2014,18,31.29,0.03,49.32,"13,643",0,,,"13,540"
2/11/2014,18,30.98,0.04,49.02,"13,692",0,,,"13,591"
2/12/2014,18,30.67,0.04,48.7,"13,740",0,,,"13,643"
2/13/2014,18,30.34,0.04,48.38,"13,789",0,,,"13,695"
2/14/2014,18,30.01,0.04,48.06,"13,837",0,,,"13,746"
2/15/2014,18,29.67,0.05,47.72,"13,884",0,,,"13,798"
2/16/2014,18,29.32,0.05,47.37,"13,932",0,,,"13,850"
2/17/2014,18,28.97,0.05,47.02,"13,979",0,,,"13,901"
2/18/2014,18,28.61,0.06,46.66,"14,026",0,,,"13,953"
2/19/2014,18,28.24,0.06,46.3,"14,072",0,,,"14,005"
2/20/2014,18,27.86,0.06,45.92,"14,118",0,,,"14,056"
2/21/2014,18,27.48,0.07,45.55,"14,163",14108,2/21/2014,14108,"14,108"
2/22/2014,18,27.09,0.07,45.16,"14,208",0,,,"14,147"
2/23/2014,18,26.7,0.08,44.78,"14,253",0,,,"14,185"
2/24/2014,18,26.3,0.08,44.38,"14,298",0,,,"14,224"
2/25/2014,18,25.9,0.09,43.99,"14,342",14262,2/25/2014,14262,"14,262"
2/26/2014,18,25.49,0.09,43.59,"14,385",0,,,"14,316"
2/27/2014,18,25.08,0.1,43.18,"14,428",0,,,"14,370"
2/28/2014,18,24.67,0.11,42.78,"14,471",0,,,"14,424"
3/1/2014,18,24.25,0.11,42.37,"14,514",0,,,"14,479"
3/2/2014,18,23.84,0.12,41.96,"14,555",0,,,"14,533"
3/3/2014,18,23.42,0.13,41.54,"14,597",0,,,"14,587"
3/4/2014,18,22.99,0.13,41.13,"14,638",14641,3/4/2014,14641,"14,641"
3/5/2014,18,22.57,0.14,40.71,"14,679",0,,,"14,683"
3/6/2014,18,22.14,0.15,40.3,"14,719",0,,,"14,725"
3/7/2014,18,21.72,0.16,39.88,"14,759",0,,,"14,768"
3/8/2014,18,21.29,0.17,39.46,"14,798",0,,,"14,810"
3/9/2014,18,20.87,0.18,39.05,"14,838",14852,3/9/2014,14852,"14,852"
3/10/2014,18,20.44,0.19,38.63,"14,876",14900,3/10/2014,14900,"14,900"
3/11/2014,18,20.02,0.2,38.22,"14,914",0,,,"14,930"
3/12/2014,18,19.59,0.21,37.81,"14,952",0,,,"14,961"
3/13/2014,18,19.17,0.22,37.39,"14,990",14991,3/13/2014,14991,"14,991"
3/14/2014,18,18.75,0.24,36.99,"15,027",0,,,"15,035"
3/15/2014,18,18.33,0.25,36.58,"15,063",0,,,"15,079"
3/16/2014,18,17.91,0.26,36.18,"15,099",15123,3/16/2014,15123,"15,123"
3/17/2014,18,17.5,0.28,35.78,"15,135",0,,,"15,171"
3/18/2014,18,17.09,0.29,35.38,"15,170",15218,3/18/2014,15218,"15,218"
3/19/2014,18,16.68,0.31,34.99,"15,205",0,,,"15,258"
3/20/2014,18,16.27,0.32,34.6,"15,240",0,,,"15,299"
3/21/2014,18,15.87,0.34,34.21,"15,274",15339,3/21/2014,15339,"15,339"
3/22/2014,18,15.47,0.36,33.83,"15,308",0,,,"15,384"
3/23/2014,18,15.08,0.38,33.46,"15,342",0,,,"15,429"
3/24/2014,18,14.69,0.39,33.08,"15,375",0,,,"15,475"
3/25/2014,18,14.3,0.41,32.72,"15,407",0,,,"15,520"
3/26/2014,18,13.92,0.43,32.36,"15,440",0,,,"15,565"
3/27/2014,18,13.55,0.46,32,"15,472",15610,3/27/2014,15610,"15,610"
3/28/2014,18,13.18,0.48,31.65,"15,503",0,,,"15,646"
3/29/2014,18,12.81,0.5,31.31,"15,535",0,,,"15,682"
3/30/2014,18,12.45,0.52,30.97,"15,566",0,,,"15,718"
3/31/2014,18,12.09,0.55,30.64,"15,596",0,,,"15,754"
4/1/2014,18,11.74,0.57,30.32,"15,627",15790,4/1/2014,15790,"15,790"
4/2/2014,18,11.4,0.6,30,"15,657",15822,4/2/2014,15822,"15,822"
4/3/2014,18,11.06,0.63,29.69,"15,686",0,,,"15,853"
4/4/2014,18,10.73,0.66,29.38,"15,716",0,,,"15,884"
4/5/2014,18,10.4,0.68,29.08,"15,745",0,,,"15,916"
4/6/2014,18,10.08,0.71,28.79,"15,774",0,,,"15,947"
4/7/2014,18,9.76,0.74,28.51,"15,802",15978,4/7/2014,15978,"15,978"
4/8/2014,18,9.45,0.78,28.23,"15,830",0,,,"16,005"
4/9/2014,18,9.15,0.81,27.96,"15,858",16031,4/9/2014,16031,"16,031"
4/10/2014,18,8.85,0.84,27.69,"15,886",0,,,"16,055"
4/11/2014,18,8.56,0.88,27.44,"15,913",0,,,"16,078"
4/12/2014,18,8.28,0.91,27.19,"15,941",16102,4/12/2014,16102,"16,102"
4/13/2014,18,8,0.95,26.95,"15,968",16127,4/13/2014,16127,"16,127"
4/14/2014,18,7.73,0.99,26.71,"15,994",0,,,"16,150"
4/15/2014,18,7.46,1.03,26.49,"16,021",0,,,"16,173"
4/16/2014,18,7.2,1.06,26.27,"16,047",0,,,"16,196"
4/17/2014,18,6.95,1.11,26.05,"16,073",16219,4/17/2014,16219,"16,219"
4/18/2014,18,6.7,1.15,25.85,"16,099",0,,,"16,251"
4/19/2014,18,6.46,1.19,25.65,"16,125",16282,4/19/2014,16282,"16,282"
4/20/2014,18,6.23,1.23,25.46,"16,150",0,,,"16,305"
4/21/2014,18,6,1.28,25.27,"16,175",0,,,"16,328"
4/22/2014,18,5.77,1.32,25.1,"16,200",0,,,"16,350"
4/23/2014,18,5.56,1.37,24.93,"16,225",16373,4/23/2014,16373,"16,373"
4/24/2014,18,5.35,1.42,24.76,"16,250",0,,,"16,397"
4/25/2014,18,5.14,1.46,24.61,"16,275",16420,4/25/2014,16420,"16,420"
4/26/2014,18,4.94,1.51,24.46,"16,299",0,,,"16,440"
4/27/2014,18,4.75,1.56,24.31,"16,323",0,,,"16,459"
4/28/2014,18,4.56,1.61,24.18,"16,348",16479,4/28/2014,16479,"16,479"
4/29/2014,18,4.38,1.66,24.05,"16,372",0,,,"16,505"
4/30/2014,18,4.21,1.72,23.92,"16,396",0,,,"16,532"
5/1/2014,18,4.04,1.77,23.8,"16,419",0,,,"16,558"
5/2/2014,18,3.87,1.82,23.69,"16,443",0,,,"16,585"
5/3/2014,18,3.71,1.88,23.59,"16,467",0,,,"16,611"
5/4/2014,18,3.56,1.93,23.49,"16,490",0,,,"16,637"
5/5/2014,18,3.41,1.99,23.39,"16,514",0,,,"16,664"
5/6/2014,18,3.26,2.04,23.31,"16,537",16690,5/6/2014,16690,"16,690"
5/7/2014,18,3.12,2.1,23.22,"16,560",0,,,"16,708"
5/8/2014,18,2.99,2.16,23.14,"16,583",0,,,"16,727"
5/9/2014,18,2.86,2.22,23.07,"16,606",0,,,"16,745"
5/10/2014,18,2.73,2.27,23,"16,629",0,,,"16,764"
5/11/2014,18,2.61,2.33,22.94,"16,652",0,,,"16,782"
5/12/2014,18,2.49,2.39,22.88,"16,675",0,,,"16,801"
5/13/2014,18,2.38,2.45,22.83,"16,698",16819,5/13/2014,16819,"16,819"
5/14/2014,18,2.27,2.51,22.78,"16,721",0,,,"16,841"
5/15/2014,18,2.17,2.57,22.74,"16,743",0,,,"16,864"
5/16/2014,18,2.07,2.63,22.7,"16,766",0,,,"16,886"
5/17/2014,18,1.97,2.69,22.66,"16,789",0,,,"16,908"
5/18/2014,18,1.88,2.75,22.63,"16,811",0,,,"16,931"
5/19/2014,18,1.79,2.81,22.6,"16,834",16953,5/19/2014,16953,"16,953"
5/20/2014,18,1.7,2.87,22.57,"16,857",0,,,"16,973"
5/21/2014,18,1.62,2.93,22.55,"16,879",0,,,"16,992"
5/22/2014,18,1.54,2.99,22.53,"16,902",0,,,"17,012"
5/23/2014,18,1.47,3.04,22.51,"16,924",0,,,"17,032"
5/24/2014,18,1.39,3.1,22.5,"16,947",0,,,"17,051"
5/25/2014,18,1.33,3.16,22.49,"16,969",0,,,"17,071"
5/26/2014,18,1.26,3.22,22.48,"16,992",0,,,"17,090"
5/27/2014,18,1.2,3.28,22.47,"17,014",17110,5/27/2014,17110,"17,110"
5/28/2014,18,1.13,3.33,22.47,"17,037",0,,,"17,133"
5/29/2014,18,1.08,3.39,22.46,"17,059",0,,,"17,155"
5/30/2014,18,1.02,3.44,22.46,"17,082",17178,5/30/2014,17178,"17,178"
5/31/2014,18,0.97,3.5,22.46,"17,104",0,,,"17,200"
6/1/2014,18,0.92,3.55,22.47,"17,126",0,,,"17,223"
6/2/2014,18,0.87,3.6,22.47,"17,149",17245,6/2/2014,17245,"17,245"
6/3/2014,18,0.82,3.65,22.48,"17,171",0,,,"17,264"
6/4/2014,18,0.78,3.7,22.48,"17,194",0,,,"17,283"
6/5/2014,18,0.74,3.75,22.49,"17,216",0,,,"17,301"
6/6/2014,18,0.7,3.8,22.5,"17,239",17320,6/6/2014,17320,"17,320"
6/7/2014,18,0.66,3.85,22.5,"17,261",0,,,"17,341"
6/8/2014,18,0.62,3.89,22.51,"17,284",17362,6/8/2014,17362,"17,362"
6/9/2014,18,0.59,3.93,22.52,"17,306",0,,,"17,379"
6/10/2014,18,0.55,3.98,22.53,"17,329",0,,,"17,395"
6/11/2014,18,0.52,4.02,22.54,"17,351",0,,,"17,412"
6/12/2014,18,0.49,4.05,22.55,"17,374",0,,,"17,429"
6/13/2014,18,0.47,4.09,22.56,"17,397",0,,,"17,445"
6/14/2014,18,0.44,4.13,22.57,"17,419",17462,6/14/2014,17462,"17,462"
6/15/2014,18,0.41,4.16,22.58,"17,442",0,,,"17,478"
6/16/2014,18,0.39,4.19,22.58,"17,464",17493,6/16/2014,17493,"17,493"
6/17/2014,18,0.37,4.22,22.59,"17,487",17507,6/17/2014,17507,"17,507"
6/18/2014,18,0.35,4.25,22.6,"17,509",17538,6/18/2014,17538,"17,538"
6/19/2014,18,0.33,4.28,22.6,"17,532",0,,,"17,563"
6/20/2014,18,0.31,4.3,22.61,"17,555",17587,6/20/2014,17587,"17,587"
6/21/2014,18,0.29,4.32,22.61,"17,577",0,,,"17,606"
6/22/2014,18,0.27,4.34,22.62,"17,600",0,,,"17,625"
6/23/2014,18,0.25,4.36,22.62,"17,623",0,,,"17,644"
6/24/2014,18,0.24,4.38,22.62,"17,645",0,,,"17,662"
6/25/2014,18,0.22,4.39,22.62,"17,668",0,,,"17,681"
6/26/2014,18,0.21,4.41,22.62,"17,690",17700,6/26/2014,17700,"17,700"
6/27/2014,18,0.2,4.42,22.61,"17,713",0,,,"17,724"
6/28/2014,18,0.18,4.42,22.61,"17,736",0,,,"17,748"
6/29/2014,18,0.17,4.43,22.6,"17,758",0,,,"17,772"
6/30/2014,18,0.16,4.43,22.59,"17,781",0,,,"17,795"
7/1/2014,18,0.15,4.43,22.58,"17,803",0,,,"17,819"
7/2/2014,18,0.14,4.43,22.57,"17,826",0,,,"17,843"
7/3/2014,18,0.13,4.43,22.56,"17,849",17867,7/3/2014,17867,"17,867"
7/4/2014,18,0.12,4.42,22.55,"17,871",0,,,"17,887"
7/5/2014,18,0.12,4.42,22.53,"17,894",0,,,"17,907"
7/6/2014,18,0.11,4.41,22.51,"17,916",0,,,"17,926"
7/7/2014,18,0.1,4.39,22.49,"17,939",0,,,"17,946"
7/8/2014,18,0.09,4.38,22.47,"17,961",17966,7/8/2014,17966,"17,966"
7/9/2014,18,0.09,4.36,22.45,"17,984",0,,,"17,996"
7/10/2014,18,0.08,4.34,22.43,"18,006",18025,7/10/2014,18025,"18,025"
7/11/2014,18,0.08,4.32,22.4,"18,028",0,,,"18,041"
7/12/2014,18,0.07,4.3,22.37,"18,051",0,,,"18,058"
7/13/2014,18,0.07,4.28,22.34,"18,073",0,,,"18,074"
7/14/2014,18,0.06,4.25,22.31,"18,095",0,,,"18,090"
7/15/2014,18,0.06,4.22,22.28,"18,118",0,,,"18,107"
7/16/2014,18,0.05,4.19,22.25,"18,140",18123,7/16/2014,18123,"18,123"
7/17/2014,18,0.05,4.16,22.21,"18,162",0,,,"18,140"
7/18/2014,18,0.05,4.13,22.17,"18,184",0,,,"18,156"
7/19/2014,18,0.05,4.09,22.14,"18,206",0,,,"18,173"
7/20/2014,18,0.05,4.05,22.11,"18,229",0,,,"18,189"
7/21/2014,18,0.06,4.02,22.07,"18,251",0,,,"18,206"
7/22/2014,18,0.06,3.98,22.04,"18,273",0,,,"18,222"
7/23/2014,18,0.07,3.93,22,"18,295",18239,7/23/2014,18239,"18,239"
7/24/2014,18,0.07,3.89,21.96,"18,317",0,,,"18,263"
7/25/2014,18,0.08,3.85,21.92,"18,339",18286,7/25/2014,18286,"18,286"
7/26/2014,18,0.08,3.8,21.88,"18,360",0,,,"18,301"
7/27/2014,18,0.09,3.75,21.84,"18,382",0,,,"18,316"
7/28/2014,18,0.09,3.7,21.8,"18,404",0,,,"18,330"
7/29/2014,18,0.1,3.65,21.75,"18,426",0,,,"18,345"
7/30/2014,18,0.11,3.6,21.71,"18,448",0,,,"18,360"
7/31/2014,18,0.12,3.55,21.67,"18,469",0,,,"18,375"
8/1/2014,18,0.12,3.5,21.62,"18,491",0,,,"18,390"
8/2/2014,18,0.13,3.44,21.58,"18,512",0,,,"18,405"
8/3/2014,18,0.14,3.39,21.53,"18,534",0,,,"18,419"
8/4/2014,18,0.15,3.33,21.48,"18,555",0,,,"18,434"
8/5/2014,18,0.16,3.28,21.44,"18,577",0,,,"18,449"
8/6/2014,18,0.17,3.22,21.39,"18,598",0,,,"18,464"
8/7/2014,18,0.18,3.16,21.35,"18,620",0,,,"18,479"
8/8/2014,18,0.2,3.1,21.3,"18,641",0,,,"18,494"
8/9/2014,18,0.21,3.04,21.25,"18,662",0,,,"18,508"
8/10/2014,18,0.22,2.99,21.21,"18,683",0,,,"18,523"
8/11/2014,18,0.24,2.93,21.17,"18,705",18538,8/11/2014,18538,"18,538"
8/12/2014,18,0.25,2.87,21.12,"18,726",0,,,"18,555"
8/13/2014,18,0.27,2.81,21.08,"18,747",0,,,"18,572"
8/14/2014,18,0.29,2.75,21.04,"18,768",0,,,"18,589"
8/15/2014,18,0.31,2.69,20.99,"18,789",0,,,"18,605"
8/16/2014,18,0.33,2.63,20.95,"18,810",0,,,"18,622"
8/17/2014,18,0.35,2.57,20.91,"18,831",0,,,"18,639"
8/18/2014,18,0.37,2.51,20.88,"18,851",18656,8/18/2014,18656,"18,656"
8/19/2014,18,0.39,2.45,20.84,"18,872",0,,,"18,678"
8/20/2014,18,0.41,2.39,20.81,"18,893",0,,,"18,701"
8/21/2014,18,0.44,2.33,20.77,"18,914",0,,,"18,723"
8/22/2014,18,0.47,2.27,20.74,"18,935",18745,8/22/2014,18745,"18,745"
8/23/2014,18,0.49,2.22,20.71,"18,955",0,,,"18,756"
8/24/2014,18,0.52,2.16,20.68,"18,976",0,,,"18,767"
8/25/2014,18,0.55,2.1,20.66,"18,997",0,,,"18,777"
8/26/2014,18,0.59,2.04,20.63,"19,017",0,,,"18,788"
8/27/2014,18,0.62,1.99,20.61,"19,038",0,,,"18,799"
8/28/2014,18,0.66,1.93,20.59,"19,059",0,,,"18,810"
8/29/2014,18,0.7,1.88,20.57,"19,079",0,,,"18,820"
8/30/2014,18,0.74,1.82,20.56,"19,100",0,,,"18,831"
8/31/2014,18,0.78,1.77,20.55,"19,120",18842,8/31/2014,18842,"18,842"
9/1/2014,18,0.82,1.72,20.54,"19,141",0,,,"18,871"
9/2/2014,18,0.87,1.66,20.53,"19,161",18900,9/2/2014,18900,"18,900"
9/3/2014,18,0.92,1.61,20.53,"19,182",0,,,"18,924"
9/4/2014,18,0.97,1.56,20.53,"19,202",0,,,"18,949"
9/5/2014,18,1.02,1.51,20.53,"19,223",18973,9/5/2014,18973,"18,973"
9/6/2014,18,1.08,1.46,20.54,"19,243",19001,9/6/2014,19001,"19,001"
9/7/2014,18,1.13,1.42,20.55,"19,264",0,,,"19,024"
9/8/2014,18,1.2,1.37,20.56,"19,285",19046,9/8/2014,19046,"19,046"
9/9/2014,18,1.26,1.32,20.58,"19,305",0,,,"19,063"
9/10/2014,18,1.33,1.28,20.6,"19,326",19080,9/10/2014,19080,"19,080"
9/11/2014,18,1.39,1.23,20.63,"19,346",0,,,"19,097"
9/12/2014,18,1.47,1.19,20.66,"19,367",0,,,"19,114"
9/13/2014,18,1.54,1.15,20.69,"19,388",19131,9/13/2014,19131,"19,131"
9/14/2014,18,1.62,1.11,20.73,"19,408",0,,,"19,146"
9/15/2014,18,1.7,1.06,20.77,"19,429",0,,,"19,161"
9/16/2014,18,1.79,1.03,20.81,"19,450",0,,,"19,176"
9/17/2014,18,1.88,0.99,20.86,"19,471",0,,,"19,190"
9/18/2014,18,1.97,0.95,20.92,"19,492",0,,,"19,205"
9/19/2014,18,2.07,0.91,20.98,"19,513",19220,9/19/2014,19220,"19,220"
9/20/2014,18,2.17,0.88,21.04,"19,534",0,,,"19,238"
9/21/2014,18,2.27,0.84,21.11,"19,555",0,,,"19,257"
9/22/2014,18,2.38,0.81,21.19,"19,576",19275,9/22/2014,19275,"19,275"
9/23/2014,18,2.49,0.78,21.27,"19,597",0,,,"19,290"
9/24/2014,18,2.61,0.74,21.35,"19,619",19304,9/24/2014,19304,"19,304"
9/25/2014,18,2.73,0.71,21.44,"19,640",0,,,"19,326"
9/26/2014,18,2.86,0.68,21.54,"19,662",0,,,"19,347"
9/27/2014,18,2.99,0.66,21.64,"19,683",19369,9/27/2014,19369,"19,369"
9/28/2014,18,3.12,0.63,21.75,"19,705",19385,9/28/2014,19385,"19,385"
9/29/2014,18,3.26,0.6,21.86,"19,727",0,,,"19,401"
9/30/2014,18,3.41,0.57,21.98,"19,749",0,,,"19,417"
10/1/2014,18,3.56,0.55,22.1,"19,771",0,,,"19,433"
10/2/2014,18,3.71,0.52,22.23,"19,793",0,,,"19,449"
10/3/2014,18,3.87,0.5,22.37,"19,816",0,,,"19,466"
10/4/2014,18,4.04,0.48,22.51,"19,838",0,,,"19,482"
10/5/2014,18,4.21,0.46,22.66,"19,861",0,,,"19,498"
10/6/2014,18,4.38,0.43,22.82,"19,884",0,,,"19,514"
10/7/2014,18,4.56,0.41,22.98,"19,907",19530,10/7/2014,19530,"19,530"
10/8/2014,18,4.75,0.39,23.15,"19,930",0,,,"19,548"
10/9/2014,18,4.94,0.38,23.32,"19,953",0,,,"19,566"
10/10/2014,18,5.14,0.36,23.5,"19,977",19584,10/10/2014,19584,"19,584"
10/11/2014,18,5.35,0.34,23.69,"20,000",0,,,"19,593"
10/12/2014,18,5.56,0.32,23.88,"20,024",0,,,"19,603"
10/13/2014,18,5.77,0.31,24.08,"20,048",0,,,"19,612"
10/14/2014,18,6,0.29,24.29,"20,073",0,,,"19,622"
10/15/2014,18,6.23,0.28,24.5,"20,097",19631,10/15/2014,19631,"19,631"
10/16/2014,18,6.46,0.26,24.72,"20,122",0,,,"19,656"
10/17/2014,18,6.7,0.25,24.95,"20,147",0,,,"19,681"
10/18/2014,18,6.95,0.24,25.18,"20,172",0,,,"19,706"
10/19/2014,18,7.2,0.22,25.42,"20,197",0,,,"19,731"
10/20/2014,18,7.46,0.21,25.67,"20,223",0,,,"19,756"
10/21/2014,18,7.73,0.2,25.93,"20,249",0,,,"19,781"
10/22/2014,18,8,0.19,26.19,"20,275",0,,,"19,807"
10/23/2014,18,8.28,0.18,26.46,"20,302",0,,,"19,832"
10/24/2014,18,8.56,0.17,26.73,"20,328",0,,,"19,857"
10/25/2014,18,8.85,0.16,27.01,"20,355",0,,,"19,882"
10/26/2014,18,9.15,0.15,27.3,"20,383",0,,,"19,907"
10/27/2014,18,9.45,0.14,27.59,"20,410",0,,,"19,932"
10/28/2014,18,9.76,0.13,27.9,"20,438",19957,10/28/2014,19957,"19,957"
10/29/2014,18,10.08,0.13,28.2,"20,466",0,,,"19,985"
10/30/2014,18,10.4,0.12,28.52,"20,495",0,,,"20,013"
10/31/2014,18,10.73,0.11,28.84,"20,524",0,,,"20,042"
11/1/2014,18,11.06,0.11,29.16,"20,553",0,,,"20,070"
11/2/2014,18,11.4,0.1,29.5,"20,582",20098,11/2/2014,20098,"20,098"
11/3/2014,18,11.74,0.09,29.84,"20,612",0,,,"20,130"
11/4/2014,18,12.09,0.09,30.18,"20,642",0,,,"20,161"
11/5/2014,18,12.45,0.08,30.53,"20,673",0,,,"20,193"
11/6/2014,18,12.81,0.08,30.89,"20,704",0,,,"20,224"
11/7/2014,18,13.18,0.07,31.25,"20,735",0,,,"20,256"
11/8/2014,18,13.55,0.07,31.62,"20,767",0,,,"20,287"
11/9/2014,18,13.92,0.06,31.99,"20,799",20319,11/9/2014,20319,"20,319"
11/10/2014,18,14.3,0.06,32.36,"20,831",0,,,"20,347"
11/11/2014,18,14.69,0.06,32.75,"20,864",0,,,"20,374"
11/12/2014,18,15.08,0.05,33.13,"20,897",20402,11/12/2014,20402,"20,402"
11/13/2014,18,15.47,0.05,33.52,"20,930",0,,,"20,446"
11/14/2014,18,15.87,0.05,33.92,"20,964",0,,,"20,489"
11/15/2014,18,16.27,0.04,34.32,"20,999",0,,,"20,533"
11/16/2014,18,16.68,0.04,34.72,"21,033",0,,,"20,576"
11/17/2014,18,17.09,0.04,35.13,"21,068",0,,,"20,620"
11/18/2014,18,17.5,0.04,35.54,"21,104",0,,,"20,663"
11/19/2014,18,17.91,0.03,35.95,"21,140",20707,11/19/2014,20707,"20,707"
11/20/2014,18,18.33,0.03,36.36,"21,176",0,,,"20,765"
11/21/2014,18,18.75,0.03,36.78,"21,213",0,,,"20,824"
11/22/2014,18,19.17,0.03,37.2,"21,250",20882,11/22/2014,20882,"20,882"
11/23/2014,18,19.59,0.02,37.62,"21,288",0,,,"20,922"
11/24/2014,18,20.02,0.02,38.04,"21,326",0,,,"20,962"
11/25/2014,18,20.44,0.02,38.46,"21,364",0,,,"21,001"
11/26/2014,18,20.87,0.02,38.89,"21,403",0,,,"21,041"
11/27/2014,18,21.29,0.02,39.31,"21,443",0,,,"21,081"
11/28/2014,18,21.72,0.02,39.74,"21,482",0,,,"21,121"
11/29/2014,18,22.14,0.02,40.16,"21,522",0,,,"21,160"
11/30/2014,18,22.57,0.01,40.58,"21,563",0,,,"21,200"
12/1/2014,18,22.99,0.01,41.01,"21,604",21240,12/1/2014,21240,"21,240"
12/2/2014,18,23.42,0.01,41.43,"21,645",0,,,"21,279"
12/3/2014,18,23.84,0.01,41.85,"21,687",0,,,"21,317"
12/4/2014,18,24.25,0.01,42.27,"21,730",21356,12/4/2014,21356,"21,356"
12/5/2014,18,24.67,0.01,42.68,"21,772",0,,,"21,401"
12/6/2014,18,25.08,0.01,43.09,"21,815",0,,,"21,446"
12/7/2014,18,25.49,0.01,43.5,"21,859",0,,,"21,491"
12/8/2014,18,25.9,0.01,43.91,"21,903",0,,,"21,535"
12/9/2014,18,26.3,0.01,44.31,"21,947",0,,,"21,580"
12/10/2014,18,26.7,0.01,44.71,"21,992",0,,,"21,625"
12/11/2014,18,27.09,0.01,45.1,"22,037",21670,12/11/2014,21670,"21,670"
12/12/2014,18,27.48,0.01,45.48,"22,082",0,,,"21,717"
12/13/2014,18,27.86,0.01,45.87,"22,128",0,,,"21,765"
12/14/2014,18,28.24,0,46.24,"22,174",0,,,"21,812"
12/15/2014,18,28.61,0,46.61,"22,221",21859,12/15/2014,21859,"21,859"
12/16/2014,18,28.97,0,46.97,"22,268",0,,,"21,903"
12/17/2014,18,29.32,0,47.33,"22,315",0,,,"21,947"
12/18/2014,18,29.67,0,47.68,"22,363",0,,,"21,991"
12/19/2014,18,30.01,0,48.02,"22,411",0,,,"22,034"
12/20/2014,18,30.34,0,48.35,"22,459",0,,,"22,078"
12/21/2014,18,30.67,0,48.67,"22,508",0,,,"22,122"
12/22/2014,18,30.98,0,48.98,"22,557",22166,12/22/2014,22166,"22,166"
12/23/2014,18,31.29,0,49.29,"22,606",0,,,"22,209"
12/24/2014,18,31.58,0,49.58,"22,656",0,,,"22,252"
12/25/2014,18,31.87,0,49.87,"22,706",0,,,"22,295"
12/26/2014,18,32.14,0,50.14,"22,756",0,,,"22,337"
12/27/2014,18,32.41,0,50.41,"22,806",0,,,"22,380"
12/28/2014,18,32.66,0,50.66,"22,857",0,,,"22,423"
12/29/2014,18,32.9,0,50.91,"22,908",0,,,"22,466"
12/30/2014,18,33.14,0,51.14,"22,959",0,,,"22,509"
12/31/2014,18,33.35,0,51.36,"23,010",0,,,"22,552"
1/1/2015,18,33.56,0,51.56,"23,062",0,,,"22,594"
1/2/2015,18,33.76,0,51.76,"23,114",0,,,"22,637"
1/3/2015,18,33.94,0,51.94,"23,166",22680,1/3/2015,22680,"22,680"
1/4/2015,18,34.11,0,52.11,"23,218",0,,,"22,730"
1/5/2015,18,34.27,0,52.27,"23,270",0,,,"22,779"
1/6/2015,18,34.41,0,52.41,"23,323",0,,,"22,829"
1/7/2015,18,34.54,0,52.55,"23,375",22878,1/7/2015,22878,"22,878"
1/8/2015,18,34.66,0,52.66,"23,428",0,,,"22,952"
1/9/2015,18,34.76,0,52.77,"23,480",0,,,"23,025"
1/10/2015,18,34.86,0,52.86,"23,533",0,,,"23,099"
1/11/2015,18,34.93,0,52.94,"23,586",23172,1/11/2015,23172,"23,172"
1/12/2015,18,34.99,0,53,"23,639",0,,,"23,223"
1/13/2015,18,35.04,0,53.05,"23,692",23274,1/13/2015,23274,"23,274"
1/14/2015,18,35.08,0,53.08,"23,745",0,,,"23,332"
1/15/2015,18,35.1,0,53.1,"23,799",0,,,"23,389"
1/16/2015,18,35.11,0.01,53.11,"23,852",0,,,"23,447"
1/17/2015,18,35.11,0.01,53.11,"23,905",0,,,"23,505"
1/18/2015,18,35.1,0.01,53.11,"23,958",0,,,"23,562"
1/19/2015,18,35.08,0.01,53.09,"24,011",23620,1/19/2015,23620,"23,620"
1/20/2015,18,35.04,0.01,53.05,"24,064",0,,,"23,677"
1/21/2015,18,34.99,0.01,53,"24,117",0,,,"23,733"
1/22/2015,18,34.93,0.01,52.94,"24,170",0,,,"23,790"
1/23/2015,18,34.86,0.01,52.86,"24,223",0,,,"23,846"
1/24/2015,18,34.76,0.01,52.77,"24,276",0,,,"23,903"
1/25/2015,18,34.66,0.01,52.67,"24,328",0,,,"23,959"
1/26/2015,18,34.54,0.01,52.55,"24,381",0,,,"24,016"
1/27/2015,18,34.41,0.01,52.42,"24,433",0,,,"24,072"
1/28/2015,18,34.27,0.01,52.28,"24,485",0,,,"24,129"
1/29/2015,18,34.11,0.01,52.13,"24,538",0,,,"24,185"
1/30/2015,18,33.94,0.02,51.96,"24,590",0,,,"24,242"
1/31/2015,18,33.76,0.02,51.77,"24,641",24298,1/31/2015,24298,"24,298"
2/1/2015,18,33.56,0.02,51.58,"24,693",0,,,"24,361"
2/2/2015,18,33.35,0.02,51.37,"24,744",0,,,"24,424"
2/3/2015,18,33.14,0.02,51.16,"24,795",24487,2/3/2015,24487,"24,487"
2/4/2015,18,32.9,0.02,50.93,"24,846",0,,,"24,551"
2/5/2015,18,32.66,0.02,50.69,"24,897",0,,,"24,616"
2/6/2015,18,32.41,0.03,50.43,"24,948",0,,,"24,680"
2/7/2015,18,32.14,0.03,50.17,"24,998",0,,,"24,744"
2/8/2015,18,31.87,0.03,49.9,"25,048",0,,,"24,809"
2/9/2015,18,31.58,0.03,49.62,"25,097",0,,,"24,873"
2/10/2015,18,31.29,0.04,49.32,"25,147",0,,,"24,937"
2/11/2015,18,30.98,0.04,49.02,"25,196",0,,,"25,002"
2/12/2015,18,30.67,0.04,48.71,"25,244",0,,,"25,066"
2/13/2015,18,30.34,0.04,48.39,"25,293",0,,,"25,130"
2/14/2015,18,30.01,0.05,48.06,"25,341",0,,,"25,195"
2/15/2015,18,29.67,0.05,47.72,"25,388",0,,,"25,259"
2/16/2015,18,29.32,0.05,47.38,"25,436",0,,,"25,323"
2/17/2015,18,28.97,0.06,47.02,"25,483",0,,,"25,388"
2/18/2015,18,28.61,0.06,46.67,"25,529",25452,2/18/2015,25452,"25,452"
2/19/2015,18,28.24,0.06,46.3,"25,576",0,,,"25,531"
2/20/2015,18,27.86,0.07,45.93,"25,622",0,,,"25,610"
2/21/2015,18,27.48,0.07,45.55,"25,667",25689,2/21/2015,25689,"25,689"
2/22/2015,18,27.09,0.08,45.17,"25,712",0,,,"25,746"
2/23/2015,18,26.7,0.08,44.78,"25,757",0,,,"25,804"
2/24/2015,18,26.3,0.09,44.39,"25,802",0,,,"25,861"
2/25/2015,18,25.9,0.09,43.99,"25,846",0,,,"25,918"
2/26/2015,18,25.49,0.1,43.59,"25,889",0,,,"25,976"
2/27/2015,18,25.08,0.11,43.19,"25,932",0,,,"26,033"
2/28/2015,18,24.67,0.11,42.78,"25,975",0,,,"26,090"
3/1/2015,18,24.25,0.12,42.37,"26,018",0,,,"26,148"
3/2/2015,18,23.84,0.13,41.96,"26,059",0,,,"26,205"
3/3/2015,18,23.42,0.13,41.55,"26,101",0,,,"26,263"
3/4/2015,18,22.99,0.14,41.14,"26,142",0,,,"26,320"
3/5/2015,18,22.57,0.15,40.72,"26,183",0,,,"26,377"
3/6/2015,18,22.14,0.16,40.3,"26,223",0,,,"26,435"
3/7/2015,18,21.72,0.17,39.89,"26,263",0,,,"26,492"
3/8/2015,18,21.29,0.18,39.47,"26,303",0,,,"26,549"
3/9/2015,18,20.87,0.19,39.06,"26,342",0,,,"26,607"
3/10/2015,18,20.44,0.2,38.64,"26,380",0,,,"26,664"
3/11/2015,18,20.02,0.21,38.23,"26,418",0,,,"26,721"
3/12/2015,18,19.59,0.22,37.82,"26,456",0,,,"26,779"
3/13/2015,18,19.17,0.24,37.41,"26,494",26836,3/13/2015,26836,"26,836"
3/14/2015,18,18.75,0.25,37,"26,531",0,,,"26,887"
3/15/2015,18,18.33,0.26,36.59,"26,567",0,,,"26,937"
3/16/2015,18,17.91,0.28,36.19,"26,603",0,,,"26,988"
3/17/2015,18,17.5,0.29,35.79,"26,639",0,,,"27,038"
3/18/2015,18,17.09,0.31,35.4,"26,675",0,,,"27,089"
3/19/2015,18,16.68,0.32,35,"26,710",0,,,"27,140"
3/20/2015,18,16.27,0.34,34.61,"26,744",0,,,"27,190"
3/21/2015,18,15.87,0.36,34.23,"26,779",0,,,"27,241"
3/22/2015,18,15.47,0.38,33.85,"26,812",0,,,"27,291"
3/23/2015,18,15.08,0.39,33.47,"26,846",27342,3/23/2015,27342,"27,342"
3/24/2015,18,14.69,0.41,33.1,"26,879",0,,,"27,383"
3/25/2015,18,14.3,0.43,32.74,"26,912",0,,,"27,424"
3/26/2015,18,13.92,0.46,32.38,"26,944",0,,,"27,465"
3/27/2015,18,13.55,0.48,32.02,"26,976",0,,,"27,506"
3/28/2015,18,13.18,0.5,31.68,"27,008",0,,,"27,547"
3/29/2015,18,12.81,0.52,31.33,"27,039",0,,,"27,588"
3/30/2015,18,12.45,0.55,31,"27,070",0,,,"27,629"
3/31/2015,18,12.09,0.57,30.67,"27,101",0,,,"27,670"
4/1/2015,18,11.74,0.6,30.34,"27,131",0,,,"27,711"
4/2/2015,18,11.4,0.63,30.02,"27,161",0,,,"27,752"
4/3/2015,18,11.06,0.66,29.71,"27,191",0,,,"27,793"
4/4/2015,18,10.73,0.68,29.41,"27,220",0,,,"27,834"
4/5/2015,18,10.4,0.71,29.11,"27,249",0,,,"27,875"
4/6/2015,18,10.08,0.74,28.82,"27,278",27916,4/6/2015,27916,"27,916"
4/7/2015,18,9.76,0.78,28.54,"27,307",0,,,"27,953"
4/8/2015,18,9.45,0.81,28.26,"27,335",0,,,"27,990"
4/9/2015,18,9.15,0.84,27.99,"27,363",0,,,"28,027"
4/10/2015,18,8.85,0.88,27.73,"27,391",0,,,"28,065"
4/11/2015,18,8.56,0.91,27.47,"27,418",0,,,"28,102"
4/12/2015,18,8.28,0.95,27.23,"27,445",0,,,"28,139"
4/13/2015,18,8,0.99,26.98,"27,472",28176,4/13/2015,28176,"28,176"
4/14/2015,18,7.73,1.03,26.75,"27,499",0,,,"28,201"
4/15/2015,18,7.46,1.06,26.53,"27,526",0,,,"28,226"
4/16/2015,18,7.2,1.11,26.31,"27,552",28251,4/16/2015,28251,"28,251"
4/17/2015,18,6.95,1.15,26.09,"27,578",0,,,"28,279"
4/18/2015,18,6.7,1.19,25.89,"27,604",0,,,"28,307"
4/19/2015,18,6.46,1.23,25.69,"27,630",0,,,"28,335"
4/20/2015,18,6.23,1.28,25.5,"27,655",0,,,"28,363"
4/21/2015,18,6,1.32,25.32,"27,680",0,,,"28,391"
4/22/2015,18,5.77,1.37,25.14,"27,706",0,,,"28,419"
4/23/2015,18,5.56,1.42,24.97,"27,731",0,,,"28,447"
4/24/2015,18,5.35,1.46,24.81,"27,755",0,,,"28,475"
4/25/2015,18,5.14,1.51,24.65,"27,780",0,,,"28,503"
4/26/2015,18,4.94,1.56,24.51,"27,805",0,,,"28,531"
4/27/2015,18,4.75,1.61,24.36,"27,829",0,,,"28,559"
4/28/2015,18,4.56,1.66,24.23,"27,853",0,,,"28,587"
4/29/2015,18,4.38,1.72,24.1,"27,877",0,,,"28,615"
4/30/2015,18,4.21,1.77,23.98,"27,901",28643,4/30/2015,28643,"28,643"
5/1/2015,18,4.04,1.82,23.86,"27,925",0,,,"28,669"
5/2/2015,18,3.87,1.88,23.75,"27,949",28694,5/2/2015,28694,"28,694"
5/3/2015,18,3.71,1.93,23.64,"27,972",0,,,"28,716"
5/4/2015,18,3.56,1.99,23.54,"27,996",0,,,"28,737"
5/5/2015,18,3.41,2.04,23.45,"28,019",0,,,"28,759"
5/6/2015,18,3.26,2.1,23.36,"28,043",0,,,"28,781"
5/7/2015,18,3.12,2.16,23.28,"28,066",0,,,"28,802"
5/8/2015,18,2.99,2.22,23.2,"28,089",0,,,"28,824"
5/9/2015,18,2.86,2.27,23.13,"28,112",0,,,"28,845"
5/10/2015,18,2.73,2.33,23.06,"28,135",0,,,"28,867"
5/11/2015,18,2.61,2.39,23,"28,158",0,,,"28,889"
5/12/2015,18,2.49,2.45,22.94,"28,181",0,,,"28,910"
5/13/2015,18,2.38,2.51,22.89,"28,204",0,,,"28,932"
5/14/2015,18,2.27,2.57,22.84,"28,227",0,,,"28,954"
5/15/2015,18,2.17,2.63,22.8,"28,250",0,,,"28,975"
5/16/2015,18,2.07,2.69,22.76,"28,273",0,,,"28,997"
5/17/2015,18,1.97,2.75,22.72,"28,295",0,,,"29,018"
5/18/2015,18,1.88,2.81,22.69,"28,318",29040,5/18/2015,29040,"29,040"
5/19/2015,18,1.79,2.87,22.66,"28,341",0,,,"29,059"
5/20/2015,18,1.7,2.93,22.63,"28,363",0,,,"29,078"
5/21/2015,18,1.62,2.99,22.61,"28,386",0,,,"29,097"
5/22/2015,18,1.54,3.04,22.59,"28,409",0,,,"29,116"
5/23/2015,18,1.47,3.1,22.57,"28,431",0,,,"29,134"
5/24/2015,18,1.39,3.16,22.56,"28,454",0,,,"29,153"
5/25/2015,18,1.33,3.22,22.54,"28,476",0,,,"29,172"
5/26/2015,18,1.26,3.28,22.53,"28,499",29191,5/26/2015,29191,"29,191"
5/27/2015,18,1.2,3.33,22.53,"28,521",0,,,"29,192"
